,seller_state,customer_state,total_order,product_weight_g,product_square_cm,price,freight_value,avg_shipping_fee,shipping_fee_1000cm,shipping_fee_100g
0,SP,SP,34928,71352955.0,542350536.0,3471434.7,461847.66,13.222848717361428,0.8515667070346548,0.6472719454996643
1,SP,RJ,9270,20642405.0,151136464.0,1049798.46,189364.75,20.42769687162891,1.2529388672213477,0.9173579822699923
2,SP,MG,8443,17084233.0,128961980.0,913360.84,171231.28,20.280857515101268,1.3277655941696924,1.0022766605910842
3,SP,RS,4064,8369424.0,66091574.0,432808.48,83735.86,20.60429625984252,1.2669672536471897,1.0004972863126542
4,SP,PR,3555,7072312.0,54210373.0,387969.77,72874.96,20.499285513361464,1.3442991805276827,1.030426259474978
5,PR,SP,3321,6430207.0,50043505.0,454015.36,63732.97,19.19089732008431,1.2735512830286366,0.9911495850755659
6,SP,BA,2583,5552175.0,41161435.0,306830.79,62612.69,24.24029810298103,1.521149347684307,1.127714634355005
7,MG,SP,2822,7040731.0,42946956.0,304760.98,60557.88,21.45920623671155,1.4100622172151152,0.860107849596867
8,SP,SC,2663,5423860.0,43089108.0,298417.98,55627.27,20.88894855426211,1.2909821665373067,1.025602983852828
9,SP,PE,1227,2385591.0,18077149.0,154443.89,37989.25,30.961083944580277,2.1015067143607657,1.592446064727776
10,SP,CE,1076,2106494.0,15778054.0,146979.41,33360.46,31.00414498141264,2.114358335951949,1.5836959421674117
11,SP,GO,1619,3202615.0,24395619.0,182711.51,33263.36,20.545620753551574,1.3634972738342896,1.0386312435306773
12,SP,ES,1610,3350553.0,24540362.0,183727.7,33124.75,20.574378881987577,1.3498069017889793,0.9886353088579707
13,SC,SP,1481,3321709.0,23313879.0,197952.77,32613.09,22.020992572586092,1.3988701751433128,0.9818165889907875
14,MG,RJ,1241,3821633.0,17923787.0,144569.52,30768.68,24.793456889605157,1.7166394579449087,0.8051186495406544
15,SP,DF,1539,2752106.0,20977185.0,172864.9,30741.43,19.974938271604938,1.4654697472515974,1.1170147516120383
16,MG,MG,1631,5312770.0,26960114.0,175742.51,27985.63,17.158571428571427,1.0380382664554015,0.5267615575302526
17,RJ,SP,1454,1927145.0,15111647.0,259898.11,27693.79,19.04662310866575,1.8326122890509553,1.4370371715672667
18,PR,RJ,1104,2068658.0,14277282.0,146002.43,24801.67,22.465280797101446,1.7371422655936892,1.1989255836392483
19,SP,PA,750,1616523.0,11914193.0,108555.79,23825.72,31.76762666666667,1.9997762332706883,1.473886854687499
20,PR,MG,919,1778094.0,12703073.0,137782.11,21385.26,23.270141458106636,1.6834713931030703,1.2027069435024245
21,SP,MA,544,1105589.0,8361793.0,66931.83,20915.55,38.44770220588235,2.5013235797633353,1.8918015645958848
22,SP,MT,751,1703230.0,12421225.0,95143.62,19135.37,25.479853528628492,1.5405380709229564,1.1234753967461824
23,RS,SP,731,1430263.0,11468248.0,114978.61,17327.55,23.70389876880985,1.5109151807669314,1.2114939699901346
24,SP,PB,381,900124.0,6580231.0,63590.23,16506.86,43.32509186351706,2.5085532711541587,1.8338428927569979
25,PR,RS,679,1326303.0,10128241.0,83118.89,14379.83,21.177952871870396,1.4197756550224268,1.084203986570188
26,SC,RJ,527,1573022.0,10572148.0,77634.29,13648.85,25.899146110056925,1.2910195733166052,0.8676833509003689
27,SC,MG,474,1375211.0,8437810.0,79556.14,13573.16,28.63535864978903,1.6086117132289066,0.9869874513801882
28,SP,RN,364,638931.0,5071659.0,54397.76,13539.27,37.19579670329671,2.669593913944136,2.119050413894458
29,SP,PI,357,917735.0,5992229.0,49469.37,13456.53,37.69336134453782,2.245663508520786,1.4662762126321869
30,RJ,RJ,1059,1693948.0,12224436.0,179386.69,13083.88,12.354938621340887,1.070305411227152,0.7723897073581951
31,PR,PR,800,1761737.0,13427907.0,102755.68,12633.74,15.792175,0.9408569779340891,0.7171183894077265
32,SP,MS,547,1241118.0,9438126.0,71989.03,11965.5,21.874771480804387,1.2677834561649208,0.9640904410378385
33,RJ,MG,608,760459.0,6037798.0,105800.71,11193.38,18.41016447368421,1.8538844790766436,1.4719241931517675
34,MG,BA,405,1001907.0,5195400.0,44572.76,10757.62,26.562024691358026,2.070604765754321,1.073714426588496
35,MG,PR,403,956320.0,5465689.0,45851.42,10233.04,25.392158808933004,1.8722323937567618,1.0700435000836541
36,MG,RS,302,691390.0,4040590.0,34542.19,9733.85,32.23129139072848,2.4090169999925752,1.4078667611622964
37,SP,AL,270,527931.0,3977465.0,41278.37,9314.1,34.49666666666667,2.341717651820946,1.7642646482210744
38,SP,SE,237,607108.0,4496956.0,33451.08,9045.02,38.16464135021097,2.0113650211387437,1.4898535351206046
39,PR,SC,440,799280.0,6185035.0,58007.19,8957.56,20.358090909090908,1.4482634293904562,1.120703633269943
40,SP,TO,223,586116.0,4155082.0,35289.89,8429.79,37.80174887892377,2.0287902862085514,1.4382460127346806
41,MG,SC,276,907376.0,4830108.0,34602.92,8132.34,29.465,1.683676638286349,0.8962480823826067
42,SP,RO,191,514864.0,3144459.0,25854.13,7722.26,40.43068062827225,2.45583103484574,1.4998640417663693
43,RS,RJ,262,559549.0,5247614.0,49156.86,7417.88,28.312519083969466,1.4135719586082363,1.3256890817426177
44,PR,BA,163,441776.0,3200634.0,33918.41,7310.08,44.84711656441718,2.2839474929029686,1.6547028358263012
45,SC,RS,318,782157.0,5054975.0,45118.34,7167.93,22.540660377358492,1.4179951433983353,0.91643110014997
46,SC,PR,321,838570.0,5674178.0,42832.26,7034.19,21.913364485981308,1.2396844089135024,0.8388315823365968
47,DF,SP,328,364301.0,3116630.0,35160.04,6376.67,19.441067073170732,2.046014445089728,1.750384983845776
48,RS,MG,211,428132.0,4059613.0,41695.0,6214.65,29.453317535545022,1.5308478911659806,1.4515733465379834
49,BA,SP,150,246023.0,1760467.0,72683.64,5138.31,34.2554,2.9187198624001476,2.088548631632002
50,SC,SC,297,888629.0,5874413.0,46117.01,5107.36,17.196498316498314,0.8694247408209126,0.5747460413738467
51,MG,ES,199,537695.0,2372331.0,20398.84,5068.49,25.469798994974873,2.1365020311246616,0.9426329052715757
52,RS,RS,313,727667.0,5711068.0,55134.07,5044.9,16.117891373801914,0.8833549171538492,0.693297895878197
53,PR,DF,175,304376.0,2319427.0,27497.75,4998.35,28.562,2.1549934531244137,1.6421629826267512
54,MG,GO,165,457077.0,2439654.0,19017.51,4842.94,29.351151515151514,1.9850929681012142,1.0595457658118872
55,MG,DF,215,477383.0,2901956.0,31684.05,4777.39,22.220418604651165,1.6462654843836366,1.000745732462195
56,RJ,RS,215,282615.0,2394127.0,34842.69,4733.75,22.017441860465116,1.9772342904114943,1.6749818657891478
57,RJ,PR,226,303409.0,2587007.0,39744.3,4433.2,19.61592920353982,1.7136405119893374,1.4611300258067492
58,PR,PE,97,185850.0,1326753.0,22008.49,4282.21,44.14649484536083,3.2275864460076593,2.3041216034436376
59,MA,SP,130,65850.0,533064.0,11545.7,4194.3,32.26384615384615,7.868285984422133,6.369476082004557
60,MG,PE,115,222192.0,1430139.0,12223.39,4136.95,35.97347826086956,2.892690850329933,1.8618807157773456
61,RJ,BA,140,197050.0,1372100.0,25971.47,4098.7,29.27642857142857,2.9871729465782373,2.0800304491245876
62,MG,PA,91,232770.0,1510806.0,12892.86,4081.61,44.85285714285715,2.7016109282065335,1.7534948661769127
63,RJ,PE,102,223414.0,1433339.0,21926.29,3948.45,38.71029411764706,2.7547216673794543,1.7673243395669027
64,PR,ES,117,247057.0,1818112.0,22754.71,3743.6,31.996581196581197,2.059059067868206,1.5152778508603277
65,SC,BA,80,293985.0,1678543.0,18911.19,3706.82,46.33525,2.2083556989603483,1.2608874602445703
66,ES,SP,114,700567.0,1923420.0,15531.37,3395.62,29.786140350877194,1.765407451310686,0.48469596769473866
67,SP,AM,109,184295.0,1354914.0,13010.17,3370.09,30.918256880733946,2.4873091576291926,1.8286388670338316
68,GO,SP,132,152344.0,1245135.0,20651.2,3332.67,25.247500000000002,2.676553144839716,2.187595179330988
69,PR,GO,87,157062.0,1259292.0,14764.49,3271.04,37.59816091954023,2.5975230526359256,2.082642523334734
70,PE,SP,105,85930.0,680368.0,23153.22,3258.44,31.032761904761905,4.789231709898173,3.7919702083090887
71,MG,MA,64,199650.0,1453454.0,8790.38,3205.31,50.08296875,2.2053054310628335,1.6054645629852242
72,MG,CE,81,201107.0,1396084.0,9953.1,3088.32,38.12740740740741,2.2121305021760866,1.5356601212289978
73,RS,PR,146,219525.0,1907749.0,18376.43,3047.01,20.869931506849316,1.597175519421056,1.388001366586949
74,PR,CE,72,168885.0,997698.0,14791.91,3014.95,41.87430555555555,3.021906428598634,1.785208869941084
75,RJ,SC,133,212542.0,1585369.0,22224.46,3009.42,22.627218045112784,1.8982457711737772,1.4159177950710917
76,BA,RJ,93,193507.0,1241617.0,35559.99,2935.87,31.568494623655912,2.3645536425483864,1.5171905925883817
77,PR,PA,56,159645.0,1050577.0,12243.13,2846.06,50.8225,2.709044648797756,1.7827429609445957
78,SC,GO,77,141963.0,1009652.0,16656.91,2745.62,35.657402597402594,2.7193726155150486,1.9340391510463992
79,RS,SC,126,178656.0,1549150.0,19596.63,2578.77,20.466428571428573,1.6646354452441663,1.443427592692101
80,SP,AC,65,132271.0,828785.0,10339.36,2554.04,39.292923076923074,3.0816677425387766,1.9309145617709096
81,RJ,GO,120,101910.0,951758.0,18333.49,2482.1,20.684166666666666,2.607910834476831,2.4355804140908646
82,PR,MT,68,192641.0,1088852.0,15660.81,2465.97,36.26426470588235,2.264743050478853,1.2800857553687948
83,MG,MT,64,201245.0,965698.0,11259.27,2412.27,37.69171875,2.497954847167541,1.1986732589629556
84,RS,BA,45,119935.0,1056848.0,9306.55,2366.86,52.59688888888889,2.2395462734470803,1.9734522866552715
85,MG,PB,56,145843.0,1158565.0,8852.69,2336.58,41.724642857142854,2.0167880093046135,1.6021200880398785
86,SC,DF,74,166854.0,1031296.0,9961.21,2329.13,31.47472972972973,2.2584495624922427,1.3959089982859267
87,DF,RJ,103,109313.0,1047390.0,10534.19,2053.99,19.94165048543689,1.9610555762418964,1.8789988381985672
88,PE,MG,72,44565.0,381564.0,10585.89,2033.42,28.241944444444446,5.329171515132455,4.562818355211489
89,MG,AL,38,130974.0,827304.0,10115.25,1997.04,52.55368421052631,2.413913144382234,1.5247606395162399
90,SC,PE,39,113115.0,614246.0,9089.0,1994.24,51.134358974358975,3.2466471088130815,1.7630199354639084
91,DF,MG,105,155413.0,1125322.0,12147.6,1976.25,18.821428571428573,1.7561640135001362,1.2716117699291565
92,RJ,ES,106,178780.0,1330270.0,15596.78,1973.94,18.622075471698114,1.4838641779488375,1.104116791587426
93,SP,AP,61,120527.0,791030.0,7980.39,1959.56,32.12393442622951,2.47722589535163,1.6258265782770664
94,PR,PB,46,68469.0,662170.0,10187.54,1951.71,42.42847826086957,2.94744552003262,2.850501686894799
95,GO,MG,97,105815.0,848143.0,13272.27,1937.01,19.96917525773196,2.2838247795477886,1.830562774653877
96,MG,MS,68,283851.0,1428286.0,10909.21,1933.63,28.43573529411765,1.353811491536009,0.6812130307802333
97,RJ,DF,107,112727.0,1072296.0,17450.6,1898.48,17.742803738317757,1.7704812850183158,1.6841395584021572
98,RJ,CE,55,73797.0,543623.0,11989.92,1889.21,34.34927272727273,3.475220879175458,2.560009214466713
99,BA,MG,53,163805.0,944543.0,29608.46,1851.58,34.935471698113204,1.960291908362033,1.1303562162327156
100,ES,RJ,69,501314.0,1364338.0,9584.25,1822.39,26.41144927536232,1.3357320546668054,0.36352266244309955
101,PR,PI,30,100178.0,406485.0,8763.9,1778.71,59.290333333333336,4.3758318265126634,1.7755495218511048
102,PR,MA,44,86552.0,605033.0,8357.02,1775.82,40.359545454545454,2.935079574171987,2.0517376837045935
103,SC,ES,54,138180.0,986126.0,8748.38,1758.9,32.57222222222222,1.7836463088895336,1.2729049066435085
104,MG,SE,40,187310.0,1572823.0,5156.6,1725.17,43.12925,1.0968621389692292,0.9210239709572366
105,PR,AL,43,63087.0,533208.0,12442.87,1722.95,40.068604651162794,3.231290603291774,2.731069792508758
106,RJ,PA,39,46871.0,375669.0,7949.09,1607.32,41.21333333333333,4.278553726818023,3.4292419619807557
107,ES,MG,51,333480.0,834231.0,4696.33,1591.35,31.202941176470585,1.9075651707980164,0.47719503418495857
108,PR,MS,66,124122.0,913091.0,11573.98,1551.38,23.505757575757578,1.6990420450973673,1.2498831794524743
109,SP,RR,35,77181.0,629749.0,5531.69,1497.46,42.78457142857143,2.377868007730064,1.9401925344320492
110,BA,RS,42,75625.0,573235.0,13588.08,1493.95,35.570238095238096,2.606173733285651,1.9754710743801653
111,GO,RJ,59,56947.0,534929.0,5489.92,1473.36,24.972203389830508,2.754309450413045,2.5872477918064165
112,SC,CE,21,86311.0,347134.0,7425.27,1471.56,70.07428571428571,4.239169888285216,1.704950701532829
113,RS,DF,48,74165.0,640466.0,9458.5,1464.48,30.51,2.2865850802384515,1.9746241488572778
114,SC,PB,20,79270.0,476142.0,6505.95,1449.48,72.474,3.044217901382361,1.8285353853916992
115,PE,RJ,53,30816.0,241554.0,9788.68,1375.71,25.95679245283019,5.695248267468144,4.464271806853583
116,MG,PI,32,69803.0,508187.0,4036.12,1330.23,41.5696875,2.6175994269825873,1.9056917324470295
117,SC,MT,28,65815.0,520078.0,5625.89,1322.54,47.23357142857143,2.542964709139783,2.0094811213249257
118,MG,RN,33,118040.0,824543.0,4554.36,1270.74,38.50727272727273,1.5411446098020358,1.0765333785157574
119,SC,PA,21,39864.0,290016.0,6251.08,1258.83,59.94428571428571,4.340553624627606,3.157811559301625
120,BA,BA,74,197624.0,1184875.0,27728.45,1257.15,16.988513513513514,1.0609979955691529,0.6361322511435858
121,MA,RJ,42,19050.0,157320.0,3399.58,1249.43,29.748333333333335,7.941965420798373,6.5586876640419955
122,CE,SP,24,100450.0,758313.0,4891.52,1220.0,50.833333333333336,1.6088343467671002,1.214534594325535
123,MT,SP,34,68350.0,459170.0,4204.22,1203.96,35.41058823529412,2.622035411721149,1.7614630577907828
124,RS,MT,28,18000.0,245638.0,9320.69,1162.57,41.520357142857144,4.73285892247942,6.458722222222221
125,SC,MA,22,36111.0,432711.0,5060.59,1109.44,50.42909090909091,2.563928349406417,3.0723048378610396
126,MA,MG,32,17700.0,141360.0,3071.68,1093.43,34.1696875,7.735073571024336,6.177570621468926
127,ES,BA,29,191317.0,491543.0,2922.99,1082.9,37.341379310344834,2.2030626008304464,0.566023928871977
128,RS,PE,18,48025.0,235370.0,4424.75,1065.57,59.19833333333333,4.527212473977142,2.21878188443519
129,SC,PI,19,54164.0,285484.0,4924.79,1043.71,54.932105263157894,3.6559316809348337,1.9269440957093271
130,RJ,MS,43,50609.0,382824.0,7178.48,1037.93,24.137906976744187,2.711245898898711,2.0508802782113857
131,SC,MS,31,148095.0,813627.0,7751.66,1012.55,32.66290322580645,1.2444891823894733,0.6837165333063235
132,RS,PA,23,20860.0,222559.0,4944.61,997.44,43.366956521739134,4.481688001833222,4.781591562799617
133,RJ,MA,29,25728.0,383571.0,5716.24,960.05,33.1051724137931,2.502926446472752,3.731537624378109
134,DF,BA,37,37578.0,374033.0,5152.18,938.76,25.37189189189189,2.5098320201693434,2.4981638192559474
135,MA,RS,17,11050.0,85956.0,1923.83,925.52,54.442352941176466,10.767369351761365,8.375746606334841
136,BA,PE,35,66542.0,397960.0,13174.1,914.05,26.115714285714283,2.2968388782792237,1.3736437137447024
137,RJ,PB,24,34944.0,227063.0,4888.52,900.73,37.53041666666667,3.966872630063022,2.5776385073260073
138,RJ,PI,26,27328.0,250122.0,5946.47,886.3299999999999,34.089615384615385,3.54359072772487,3.243303571428571
139,RS,ES,29,47905.0,466401.0,3183.36,857.06,29.553793103448275,1.8376032641439448,1.7890825592318127
140,RJ,MT,31,26980.0,292302.0,4429.26,850.96,27.450322580645164,2.9112356398519337,3.154040029651594
141,RS,GO,25,41186.0,398835.0,4779.99,829.75,33.19,2.080434264796219,2.0146408973923178
142,RJ,RN,22,22052.0,200357.0,5997.46,828.18,37.64454545454545,4.133521663830063,3.7555777253763827
143,PR,RO,18,50842.0,245120.0,4128.09,808.67,44.92611111111111,3.299078002610966,1.590555052909012
144,ES,RS,21,158401.0,394293.0,2657.48,799.59,38.075714285714284,2.027908179957544,0.5047884798707079
145,PR,SE,21,34850.0,273998.0,4323.0,798.49,38.02333333333333,2.914218351958773,2.2912195121951218
146,DF,PR,32,27671.0,225959.0,4493.8,798.02,24.938125,3.531702654021305,2.8839579342994472
147,PR,RN,20,38500.0,132835.0,3896.09,766.33,38.316500000000005,5.769036774946362,1.9904675324675325
148,SC,RN,14,53464.0,279733.0,4452.58,758.44,54.174285714285716,2.711299703645977,1.418599431393087
149,PE,RS,14,36826.0,160474.0,6018.11,753.49,53.82071428571429,4.695402370477461,2.0460815728018247
150,MA,SC,20,10850.0,92112.0,1970.8,751.84,37.592,8.162237276359216,6.929400921658986
151,DF,RS,23,28746.0,256156.0,3630.55,744.8,32.38260869565217,2.9076031793126065,2.590969178320462
152,PE,BA,32,19821.0,164081.0,6137.4,679.12,21.2225,4.138931381451845,3.4262650723979617
153,MA,DF,28,13350.0,110352.0,2389.72,660.97,23.60607142857143,5.989651297665652,4.951086142322097
154,MT,MG,21,29325.0,192799.0,2222.95,656.91,31.28142857142857,3.407227215908796,2.2401023017902815
155,RS,MA,15,16292.0,172863.0,1892.1,655.35,43.690000000000005,3.791152531195224,4.022526393321876
156,MG,TO,16,35130.0,167205.0,2041.56,641.13,40.070625,3.8343949044585988,1.8250213492741247
157,MG,RO,16,27110.0,156764.0,1400.59,625.74,39.10875,3.9916052154831467,2.3081519734415346
158,ES,PR,16,117783.0,321969.0,2052.28,622.65,38.915625,1.9338818333442038,0.5286416545681465
159,CE,RJ,10,84600.0,535541.0,3916.86,597.46,59.746,1.1156195323980798,0.7062174940898346
160,RS,CE,14,13937.0,97080.0,3838.86,596.48,42.605714285714285,6.144210960032963,4.279830666570998
161,ES,SC,13,117025.0,287306.0,2495.38,594.6,45.73846153846154,2.069570423172506,0.5080965605639821
162,DF,SC,25,24241.0,399357.0,1987.86,584.95,23.398000000000003,1.4647295527560555,2.4130605173053916
163,PR,TO,17,33253.0,238356.0,2389.19,583.41,34.31823529411764,2.4476413432009263,1.754458244368929
164,DF,GO,36,46660.0,378834.0,3160.73,580.18,16.11611111111111,1.5314887259327303,1.2434204886412343
165,BA,SC,13,17700.0,121139.0,8066.44,575.45,44.26538461538462,4.75032813544771,3.251129943502825
166,SC,SE,17,19933.0,229532.0,2145.07,573.72,33.74823529411765,2.499520763989335,2.8782421110720917
167,RS,PI,13,15100.0,139568.0,3048.65,573.22,44.09384615384616,4.107101914478964,3.7961589403973512
168,GO,CE,13,17232.0,150135.0,2013.4,558.36,42.95076923076923,3.7190528524328106,3.2402506963788302
169,PR,AM,15,19847.0,156703.0,1784.79,556.27,37.084666666666664,3.5498363145568366,2.802791353857006
170,DF,DF,61,28712.0,357714.0,4426.55,549.65,9.010655737704917,1.5365627288839685,1.9143563666759542
171,RJ,RO,13,15920.0,100540.0,5605.45,546.5,42.03846153846154,5.435647503481201,3.432788944723618
172,GO,PR,16,13308.0,185359.0,1274.71,530.34,33.14625,2.861150524118063,3.9851217312894502
173,BA,MA,17,20433.0,150551.0,9741.0,522.52,30.736470588235292,3.470717564147697,2.557235843977879
174,MA,PE,22,11350.0,87096.0,1895.78,509.76,23.170909090909092,5.852852025351336,4.491277533039647
175,MA,GO,17,10150.0,83220.0,1765.83,507.81,29.871176470588235,6.102018745493871,5.003054187192118
176,PB,RJ,8,28947.0,240278.0,5435.61,505.12,63.14,2.102231581751138,1.7449822088644766
177,BA,PA,11,46819.0,264514.0,5151.67,496.93,45.17545454545455,1.8786529257430609,1.061385335013563
178,RJ,TO,15,31460.0,296287.0,2321.14,494.12,32.94133333333333,1.6677073243173004,1.5706293706293708
179,DF,ES,22,14057.0,122884.0,2142.53,484.13,22.00590909090909,3.939731779564467,3.4440492281425623
180,MG,AC,10,20507.0,136395.0,2096.5,482.41,48.241,3.5368598555665534,2.3524162481104014
181,PE,GO,13,20181.0,97882.0,2927.5,477.69,36.745384615384616,4.880263991336507,2.367028393042961
182,PE,SC,10,11390.0,64900.0,3626.2,473.96,47.396,7.302927580893682,4.161194029850746
183,MT,RJ,14,17575.0,129269.0,1960.5,473.11,33.79357142857143,3.6598875213701665,2.6919487908961592
184,SC,TO,12,30569.0,170562.0,2402.62,468.56,39.04666666666667,2.74715352774944,1.5327946612581373
185,RJ,SE,19,19865.0,172244.0,2141.08,464.76,24.461052631578948,2.698265251619795,2.3395922476717845
186,RS,RO,9,4250.0,77606.0,1797.06,459.59,51.065555555555555,5.922093652552638,10.813882352941176
187,RS,SE,8,27875.0,148810.0,3498.55,458.08,57.26,3.078287749479202,1.6433363228699551
188,BA,DF,18,18344.0,148952.0,8684.5,453.42,25.19,3.0440678876416567,2.4717618839947666
189,RS,MS,17,19100.0,181787.0,2306.9700000000003,446.8,26.28235294117647,2.457821516390061,2.3392670157068065
190,RS,PB,8,9345.0,79632.0,2331.16,446.07,55.75875,5.601642555756479,4.773354735152488
191,GO,DF,29,16025.0,205784.0,2782.04,444.45,15.325862068965517,2.159788904871127,2.7734789391575663
192,BA,PR,13,10444.0,63770.0,4829.82,443.61,34.12384615384615,6.956405833464012,4.247510532363079
193,MG,AM,13,7450.0,116445.0,1401.76,442.49,34.03769230769231,3.7999914122547125,5.939463087248322
194,BA,CE,14,21900.0,155554.0,8730.89,440.63,31.47357142857143,2.8326497550689793,2.0120091324200913
195,RS,AL,10,31092.0,210819.0,1996.01,428.71,42.870999999999995,2.033545363558313,1.378843432394185
196,SC,AL,11,20025.0,152028.0,1834.21,428.35,38.940909090909095,2.817573078643408,2.1390761548064923
197,GO,GO,37,44574.0,392158.0,3097.21,423.03,11.433243243243243,1.078723371702222,0.9490510162875218
198,PE,CE,17,13755.0,93662.0,4030.26,415.58,24.445882352941176,4.437018214430612,3.021301344965467
199,PB,SP,8,9725.0,86421.0,3802.1,404.73,50.59125,4.683236713298851,4.161748071979435
200,DF,CE,14,7500.0,65977.0,1616.86,394.48,28.177142857142858,5.97905330645528,5.259733333333334
201,MS,SP,19,43829.0,126515.0,2979.99,394.06,20.74,3.1147294787179387,0.8990850806543613
202,CE,CE,9,101500.0,545598.0,2217.72,385.67,42.852222222222224,0.7068757583422227,0.3799704433497537
203,PE,ES,22,14421.0,117454.0,4054.29,385.25,17.511363636363637,3.280007492294856,2.671451355661882
204,PE,DF,15,8902.0,82214.0,4715.7,383.27,25.551333333333332,4.661858077699661,4.30543698045383
205,GO,MA,14,31891.0,170137.0,4024.72,373.98,26.712857142857143,2.198110934129555,1.1726819478849833
206,BA,PB,10,34300.0,191333.0,9674.99,372.15,37.214999999999996,1.9450382317739228,1.0849854227405247
207,MA,ES,13,6450.0,49476.0,1135.87,370.46,28.496923076923075,7.48767078987792,5.743565891472868
208,SC,RO,9,11716.0,118428.0,2411.38,368.62,40.95777777777778,3.1126085047454994,3.146295664049164
209,PE,PR,9,4292.0,36112.0,1145.16,359.62,39.95777777777778,9.958462560921578,8.378844361602983
210,BA,PI,10,20142.0,143655.0,3023.51,352.97,35.297000000000004,2.4570672792454142,1.7524079038824347
211,CE,PA,3,40200.0,219387.0,857.47,351.25,117.08333333333333,1.6010520222255649,0.8737562189054726
212,RJ,AL,12,14375.0,64901.0,1351.05,331.73,27.644166666666667,5.111323400255775,2.3076869565217395
213,RO,SP,7,17680.0,45812.0,2174.78,331.54,47.362857142857145,7.236968479874269,1.8752262443438916
214,GO,RS,12,8535.0,66306.0,1024.08,325.06,27.088333333333335,4.90242210358037,3.8085530169888693
215,RS,RN,8,8675.0,65477.0,1562.67,311.58,38.9475,4.758617529819632,3.591700288184438
216,RJ,AM,8,6796.0,77460.0,2115.4300000000003,308.25,38.53125,3.9794732765298213,4.535756327251325
217,CE,PR,5,21150.0,122992.0,580.3199999999999,307.6,61.52,2.5009756732145183,1.454373522458629
218,PE,PE,24,13315.0,125716.0,2954.9700000000003,301.18,12.549166666666666,2.395717331127303,2.261960195268494
219,GO,SC,11,5027.0,36228.0,1139.68,300.86,27.35090909090909,8.304626255934638,5.984881639148599
220,DF,PA,11,5987.0,51665.0,1506.51,294.44,26.767272727272726,5.6990225491144875,4.917988976114915
221,GO,PA,10,7910.0,110106.0,1767.68,294.29,29.429000000000002,2.672788040615407,3.720480404551201
222,BA,GO,11,9100.0,70387.0,3234.48,292.91,26.62818181818182,4.161421853467259,3.218791208791209
223,DF,PB,8,3615.0,51122.0,433.68,290.76,36.345,5.687570908806385,8.043153526970954
224,BA,MT,7,11500.0,103776.0,4105.13,289.71,41.387142857142855,2.7916859389454207,2.5192173913043474
225,DF,MA,11,6065.0,68632.0,898.85,286.51,26.046363636363637,4.174583284765124,4.7239901071723
226,MA,PR,9,4200.0,34884.0,744.91,285.03000000000003,31.67,8.170794633642933,6.786428571428573
227,GO,PB,7,4965.0,48304.0,771.67,282.81,40.401428571428575,5.854794633984763,5.69607250755287
228,BA,ES,13,19959.0,137259.0,2432.09,282.8,21.753846153846155,2.060338484179544,1.4169046545418107
229,PR,RR,6,6063.0,77561.0,872.0,282.55,47.09166666666667,3.642939105993992,4.660234207488043
230,ES,PE,6,31488.0,74292.0,503.7000000000001,278.88,46.48,3.7538362138588273,0.885670731707317
231,GO,PE,10,10427.0,88919.0,1040.42,278.76,27.875999999999998,3.1349880228072737,2.673443943607941
232,PE,PA,7,5036.0,48420.0,1132.89,272.91,38.987142857142864,5.636307311028501,5.419181890389199
233,MT,GO,11,22675.0,220587.0,1110.65,270.69,24.60818181818182,1.2271348719552828,1.1937816979051818
234,RS,AM,7,11800.0,123956.0,773.7,266.87,38.12428571428571,2.1529413662912646,2.2616101694915254
235,MT,PR,8,16250.0,79018.0,954.54,264.95,33.11875,3.353033486041155,1.6304615384615382
236,GO,BA,8,7359.0,68299.0,1164.79,251.63,31.45375,3.684241350532219,3.419350455224895
237,ES,MT,8,53750.0,147200.0,686.7,245.11,30.63875,1.665149456521739,0.4560186046511628
238,MT,RS,6,11750.0,67878.0,911.8,240.54,40.089999999999996,3.5437107752143553,2.0471489361702124
239,DF,PE,9,4225.0,45781.0,808.23,238.75,26.52777777777778,5.215045542910814,5.650887573964497
240,SC,AC,5,4868.0,37526.0,1094.45,236.22,47.244,6.294835580664072,4.852506162695152
241,SC,AP,4,3350.0,33441.0,550.89,232.15,58.0375,6.942077090996083,6.929850746268657
242,DF,MT,12,6832.0,100408.0,1123.41,231.39,19.2825,2.304497649589674,3.386855971896955
243,SC,AM,4,10950.0,65302.0,736.4,227.71,56.9275,3.4870294937367925,2.079543378995434
244,MA,BA,10,4900.0,40584.0,861.9,227.26,22.726,5.599743741375911,4.63795918367347
245,GO,AL,7,2066.0,45234.0,673.36,222.62,31.802857142857142,4.921519211212805,10.77541142303969
246,DF,AL,4,21213.0,93216.0,1049.8,217.13,54.2825,2.3293211465842774,1.023570452081271
247,DF,PI,8,8738.0,123279.0,677.9200000000001,210.31,26.28875,1.7059677641771918,2.4068436713206682
248,RN,SP,5,3387.0,44448.0,494.5,208.29,41.658,4.68615010799136,6.149689991142604
249,ES,CE,4,28375.0,60036.0,326.99,205.69,51.4225,3.426111000066627,0.7248986784140969
250,RS,TO,4,9025.0,75196.0,529.89,204.39,51.0975,2.718096707271663,2.264709141274238
251,PE,RO,3,1666.0,12584.0,489.7000000000001,203.69,67.89666666666666,16.18642720915448,12.226290516206483
252,RN,RN,24,7650.0,40044.0,866.9,199.93,8.330416666666666,4.992757966237139,2.613464052287582
253,RN,RS,5,8347.0,54867.0,1551.8,198.48,39.696,3.617474984963639,2.377860309093087
254,MS,RJ,9,26617.0,82097.0,1827.86,198.04,22.004444444444445,2.4122684141929667,0.744035766615321
255,BA,AL,10,10015.0,64575.0,3820.77,196.18,19.618000000000002,3.038017808749516,1.958861707438842
256,RN,PR,4,11750.0,61376.0,2423.0,195.14,48.785,3.179418665276329,1.6607659574468085
257,ES,ES,9,61850.0,179146.0,1134.0,189.27,21.03,1.056512565170308,0.3060145513338723
258,GO,MT,10,6592.0,57075.0,950.04,188.43,18.843,3.301445466491459,2.8584648058252426
259,MT,SC,6,4300.0,33602.0,560.02,187.55,31.258333333333336,5.581513005178264,4.361627906976744
260,MT,PE,6,4800.0,91198.0,782.5,187.33,31.221666666666668,2.054102063641747,3.902708333333334
261,ES,TO,4,34400.0,87892.0,419.8,186.1,46.525,2.1173713193464705,0.5409883720930232
262,GO,ES,5,6579.0,49176.0,903.43,184.5,36.9,3.7518301610541727,2.80437756497948
263,BA,RN,10,5350.0,34490.0,1872.85,182.24,18.224,5.283850391417802,3.406355140186916
264,GO,MS,9,6175.0,41978.0,616.74,181.94,20.215555555555554,4.334175044070704,2.9463967611336033
265,MT,BA,4,4900.0,68760.0,589.0,178.57,44.6425,2.597004072134962,3.6442857142857146
266,DF,RN,7,6683.0,55401.0,683.1800000000001,174.18,24.882857142857144,3.143986570639519,2.606314529402963
267,PE,PI,8,6759.0,50870.0,2766.9,172.27,21.53375,3.38647532927069,2.5487498150613996
268,DF,TO,5,27266.0,158336.0,535.56,169.46,33.892,1.0702556588520615,0.6215066383041151
269,MA,MA,15,7900.0,59033.0,1191.85,167.99,11.199333333333334,2.845696474853048,2.1264556962025316
270,BA,SE,9,6575.0,39596.0,2915.85,164.94,18.326666666666668,4.165572280028285,2.508593155893536
271,RN,BA,5,9547.0,61354.0,1424.9,157.05,31.410000000000004,2.5597353065814783,1.6450193778150206
272,DF,MS,8,7825.0,82476.0,441.47,156.12,19.515,1.8929143023424997,1.995143769968051
273,ES,GO,3,22525.0,108609.0,1587.5,155.63,51.876666666666665,1.4329383384434071,0.6909211986681465
274,MT,DF,6,5758.0,65322.0,618.3,155.0,25.833333333333332,2.3728605982670463,2.6919069121222647
275,MA,CE,9,4600.0,37620.0,817.91,151.54000000000002,16.83777777777778,4.028176501860713,3.2943478260869568
276,PR,AP,3,4600.0,21768.0,1708.14,149.99,49.99666666666667,6.890389562660787,3.260652173913044
277,CE,GO,1,19150.0,105792.0,399.0,144.29,144.29,1.363902752571083,0.7534725848563968
278,ES,PA,2,10275.0,36265.0,268.0,144.24,72.12,3.9773886667585825,1.4037956204379562
279,PE,SE,9,5081.0,43280.0,1426.7,140.29,15.587777777777777,3.241451016635859,2.7610706553827984
280,ES,PI,2,11700.0,63294.0,187.0,139.95,69.975,2.211110057825386,1.1961538461538461
281,CE,MT,3,10050.0,25200.0,449.7000000000001,134.86,44.95333333333334,5.351587301587302,1.3418905472636817
282,CE,PE,7,16650.0,72688.0,1094.66,133.49,19.07,1.8364791987673343,0.8017417417417417
283,MG,AP,3,12540.0,15233.0,407.9,132.02,44.00666666666667,8.666710431300467,1.0527910685805424
284,PE,AL,9,4748.0,40130.0,1280.69,131.03,14.55888888888889,3.2651383005232995,2.7596882898062343
285,PE,PB,8,4362.0,40604.0,1064.2,129.44,16.18,3.187863264702985,2.9674461256304445
286,MS,BA,3,6125.0,17846.0,509.7000000000001,127.46,42.486666666666665,7.142216743247786,2.0809795918367344
287,MA,TO,2,1050.0,8664.0,187.98,123.85,61.925,14.294783010156971,11.795238095238094
288,CE,MA,2,24400.0,143872.0,998.0,123.11,61.555,0.8556911699288255,0.5045491803278689
289,MA,MT,4,2050.0,17328.0,347.96,122.52,30.63,7.070637119113574,5.976585365853658
290,PE,MA,5,2916.0,29180.0,703.19,120.96,24.192,4.145305003427005,4.148148148148148
291,MA,MS,3,1750.0,14364.0,309.97,120.51,40.17,8.389724310776943,6.886285714285714
292,MT,MS,5,11875.0,30621.0,458.3,118.59,23.718,3.8728323699421967,0.9986526315789473
293,MT,MA,3,3750.0,32760.0,415.9,115.56,38.52,3.527472527472528,3.0816
294,MT,MT,7,15400.0,77234.0,653.64,115.34,16.47714285714286,1.4933837429111532,0.7489610389610389
295,BA,MS,2,12500.0,72111.0,834.0,114.13,57.065,1.582698894759468,0.9130400000000001
296,RS,AP,3,4200.0,35728.0,494.8,113.29,37.763333333333335,3.1709023734885804,2.6973809523809527
297,MT,PA,3,3650.0,57840.0,446.0,107.63,35.876666666666665,1.86082295988935,2.948767123287671
298,RO,RJ,2,4567.0,11102.0,1799.98,106.99,53.495,9.637002341920374,2.3426757171009416
299,MS,PR,4,8525.0,41557.0,735.78,105.5,26.375,2.538681810525303,1.2375366568914956
300,BA,RO,2,5400.0,38688.0,2499.9,105.22,52.61,2.7197063688999172,1.9485185185185185
301,CE,MG,4,8300.0,61152.0,386.8,103.58,25.895,1.6938121402407116,1.2479518072289155
302,PI,SP,2,1400.0,8000.0,109.0,102.94,51.47,12.8675,7.352857142857143
303,MA,SE,5,2600.0,20292.0,442.95,101.99,20.398,5.026118667455154,3.9226923076923077
304,PA,SP,6,3650.0,32224.0,1000.0,100.82,16.80333333333333,3.128723932472691,2.7621917808219174
305,MS,MG,4,10075.0,21859.0,821.6,99.38,24.845,4.546411089253854,0.9864019851116625
306,MS,DF,4,10425.0,70833.0,598.88,97.71,24.4275,1.3794417856084027,0.9372661870503597
307,CE,RN,1,19000.0,105792.0,399.0,97.44,97.44,0.9210526315789473,0.5128421052631579
308,MA,AL,4,1400.0,11856.0,260.96,95.02,23.755,8.01450742240216,6.7871428571428565
309,MA,PA,5,3100.0,23028.0,538.9499999999999,90.65,18.130000000000003,3.9365120722598577,2.9241935483870973
310,BA,TO,2,3100.0,19905.0,1449.0,90.27,45.135,4.535041446872645,2.9119354838709675
311,ES,RO,1,9000.0,19656.0,99.0,89.82,89.82,4.569597069597069,0.9979999999999999
312,GO,PI,2,949.0,7608.0,246.35,87.88,43.94,11.550998948475288,9.26027397260274
313,MA,PI,5,2750.0,20292.0,490.95,86.9,17.380000000000003,4.2824758525527304,3.16
314,BA,RR,1,800.0,3528.0,349.0,86.21,86.21,24.435941043083897,10.77625
315,CE,MS,1,17800.0,25200.0,139.0,85.75,85.75,3.4027777777777777,0.48174157303370785
316,GO,TO,5,2141.0,17620.0,252.99,85.15,17.03,4.832576617480137,3.97711349836525
317,MA,PB,4,1800.0,14592.0,299.96000000000004,85.03,21.2575,5.827165570175438,4.723888888888889
318,PE,RN,4,5416.0,32534.0,2277.7,83.6,20.9,2.5696194750107577,1.5435745937961594
319,MT,PB,2,2450.0,19964.0,312.8,80.86,40.43,4.050290522941294,3.300408163265306
320,PI,MG,2,6838.0,11460.0,443.0,79.32,39.66,6.9214659685863875,1.1599883006727112
321,SE,PE,2,3150.0,21246.0,209.8,79.0,39.5,3.718346982961499,2.507936507936508
322,MT,CE,2,9550.0,37500.0,210.0,77.24,38.62,2.0597333333333334,0.8087958115183246
323,MT,ES,2,2500.0,21840.0,272.9,77.00999999999999,38.504999999999995,3.526098901098901,3.0804
324,MA,RN,3,1050.0,8892.0,189.97,75.62,25.206666666666667,8.504273504273504,7.201904761904762
325,RO,BA,1,17300.0,64980.0,279.99,75.12,75.12,1.1560480147737766,0.43421965317919076
326,RN,CE,4,5250.0,36912.0,881.9,74.94,18.735,2.030234070221066,1.4274285714285713
327,RS,AC,2,3900.0,47612.0,219.08,74.91,37.455,1.5733428547425017,1.9207692307692308
328,CE,SC,2,5900.0,78400.0,634.0,74.86,37.43,0.9548469387755102,1.268813559322034
329,CE,BA,3,8400.0,21120.0,327.3,74.01,24.67,3.5042613636363638,0.8810714285714286
330,PE,MS,2,1233.0,10456.0,285.20000000000005,72.69999999999999,36.349999999999994,6.952945677123181,5.8961881589618805
331,BA,AP,2,3200.0,19905.0,1626.9,71.78,35.89,3.6061291132881186,2.243125
332,RN,RJ,2,4597.0,26955.0,838.9,70.02,35.01,2.5976627712854756,1.523167283010659
333,CE,ES,3,5300.0,30400.0,319.8,69.93,23.310000000000002,2.3003289473684214,1.319433962264151
334,RN,PB,2,4397.0,37155.0,858.9,69.15,34.575,1.8611223253936215,1.572663179440528
335,PB,MG,2,1400.0,11168.0,1548.5,68.88,34.44,6.167621776504298,4.919999999999999
336,MS,MT,2,6517.0,41068.0,144.2,65.49,32.745,1.5946722509009446,1.0049102347705998
337,CE,SE,3,3813.0,31432.0,423.9,61.78,20.593333333333334,1.9655128531432935,1.6202465250458955
338,MG,RR,2,450.0,4898.0,58.8,59.99,29.995,12.247856267864435,13.33111111111111
339,RO,ES,1,3700.0,5250.0,107.0,58.54,58.54,11.15047619047619,1.582162162162162
340,MT,RO,3,2650.0,18734.0,193.9,57.57000000000001,19.19,3.073022312373226,2.17245283018868
341,PB,CE,3,4150.0,52125.0,544.3,56.01,18.669999999999998,1.0745323741007193,1.3496385542168674
342,PI,SC,1,2238.0,8400.0,295.0,54.43,54.43,6.479761904761904,2.4320822162645217
343,DF,SE,3,1617.0,13520.0,393.4,54.31,18.103333333333335,4.0170118343195265,3.3586889301175016
344,RO,SE,1,650.0,1728.0,42.36,54.02,54.02,31.261574074074073,8.310769230769232
345,GO,AM,2,1710.0,11955.0,178.9,53.13,26.565,4.444165621079047,3.1070175438596492
346,CE,PI,3,4400.0,9998.0,269.9,53.08,17.69333333333333,5.309061812362472,1.2063636363636363
347,SE,SP,2,1723.0,19072.0,357.9,52.71,26.355,2.7637374161073827,3.0591990713871158
348,PB,ES,1,550.0,6000.0,27.6,52.48,52.48,8.746666666666666,9.541818181818181
349,ES,MA,2,2013.0,15862.0,341.89,51.88,25.94,3.2707098726516204,2.577247888723299
350,PB,BA,2,1530.0,46000.0,1028.9,51.72,25.86,1.1243478260869566,3.380392156862745
351,BA,AC,1,2800.0,19344.0,1200.0,51.7,51.7,2.672663358147229,1.8464285714285715
352,PB,MT,1,900.0,8000.0,1099.0,51.54,51.54,6.4425,5.726666666666667
353,GO,AC,1,400.0,4050.0,98.99,48.6,48.6,12.0,12.15
354,RN,SC,1,1500.0,9000.0,249.0,48.27,48.27,5.363333333333333,3.218
355,MT,RN,1,1250.0,10920.0,129.9,47.44,47.44,4.344322344322344,3.7952
356,ES,RN,2,2450.0,10416.0,179.9,45.73,22.865,4.390360983102918,1.8665306122448977
357,BA,AM,1,2800.0,19344.0,1340.0,44.74,44.74,2.312861869313482,1.5978571428571429
358,RO,PR,1,640.0,2464.0,208.1,43.49,43.49,17.65016233766234,6.7953125000000005
359,SE,PR,2,200.0,704.0,378.0,43.36,21.68,61.59090909090909,21.68
360,RO,RS,1,950.0,2464.0,149.99,43.08,43.08,17.483766233766232,4.5347368421052625
361,SE,ES,1,2150.0,9234.0,89.9,42.91,42.91,4.646956898418886,1.995813953488372
362,MS,AC,2,3200.0,16000.0,369.8,42.82,21.41,2.67625,1.338125
363,CE,RS,1,1700.0,4320.0,27.5,42.54,42.54,9.847222222222223,2.5023529411764707
364,ES,DF,1,8875.0,24080.0,112.0,42.01,42.01,1.7446013289036544,0.4733521126760563
365,CE,AL,2,2813.0,21840.0,284.0,40.85,20.425,1.8704212454212454,1.4521862779950232
366,PI,PR,1,2238.0,8400.0,295.0,39.28,39.28,4.6761904761904765,1.7551385165326185
367,PR,AC,1,5600.0,56000.0,179.9,39.05,39.05,0.6973214285714285,0.6973214285714285
368,CE,RO,1,5250.0,38080.0,599.0,38.81,38.81,1.019170168067227,0.7392380952380954
369,PB,DF,1,600.0,15625.0,489.5,38.75,38.75,2.48,6.458333333333334
370,SE,RJ,1,1400.0,9234.0,89.9,38.18,38.18,4.134719514836474,2.7271428571428573
371,CE,AM,1,3350.0,8400.0,149.9,38.01,38.01,4.5249999999999995,1.1346268656716416
372,PE,TO,1,533.0,4840.0,149.9,36.37,36.37,7.5144628099173545,6.823639774859287
373,SE,GO,1,4917.0,25047.0,360.8,36.33,36.33,1.450473110552162,0.7388651616839536
374,PI,MA,1,2238.0,8400.0,285.0,35.76,35.76,4.257142857142857,1.5978552278820373
375,PA,PR,1,10825.0,51000.0,99.0,35.75,35.75,0.7009803921568628,0.3302540415704388
376,AM,AL,1,370.0,1122.0,949.0,35.26,35.26,31.42602495543672,9.529729729729729
377,PB,PE,2,900.0,9056.0,746.9,32.47,16.235,3.5854681978798584,3.6077777777777778
378,PE,AP,2,1066.0,9680.0,299.8,31.88,15.94,3.293388429752066,2.9906191369606003
379,PE,MT,1,533.0,4840.0,149.9,30.08,30.08,6.214876033057851,5.643527204502814
380,MS,RS,1,2500.0,10648.0,129.99,29.31,29.31,2.7526296018031555,1.1724
381,PI,CE,1,2238.0,8400.0,295.0,28.15,28.15,3.351190476190476,1.2578194816800714
382,CE,DF,1,1350.0,14640.0,152.49,27.84,27.84,1.901639344262295,2.062222222222222
383,MA,AC,1,350.0,2964.0,66.99,27.75,27.75,9.362348178137651,7.928571428571428
384,RJ,AP,1,1000.0,7632.0,108.0,27.61,27.61,3.6176624737945495,2.761
385,GO,AP,1,450.0,9000.0,75.0,27.59,27.59,3.0655555555555556,6.131111111111111
386,DF,AC,1,150.0,1960.0,199.0,26.42,26.42,13.479591836734695,17.613333333333333
387,RN,PA,1,1500.0,9000.0,249.0,26.29,26.29,2.9211111111111108,1.7526666666666666
388,PB,GO,1,3600.0,19000.0,140.0,26.1,26.1,1.3736842105263158,0.7250000000000001
389,SE,PA,1,1000.0,12012.0,119.9,26.0,26.0,2.1645021645021645,2.6
390,GO,RN,1,200.0,560.0,16.9,25.38,25.38,45.32142857142857,12.689999999999998
391,AM,MG,1,333.0,1944.0,114.0,25.29,25.29,13.009259259259258,7.594594594594595
392,MA,AM,1,700.0,5700.0,122.99,25.21,25.21,4.422807017543859,3.6014285714285714
393,PI,PE,1,2238.0,8400.0,295.0,24.94,24.94,2.969047619047619,1.1143878462913317
394,PB,AL,1,700.0,5400.0,849.5,24.92,24.92,4.614814814814816,3.56
395,PI,PB,1,800.0,4000.0,71.0,23.65,23.65,5.9125,2.95625
396,PB,SE,1,1200.0,19000.0,39.9,23.08,23.08,1.2147368421052631,1.9233333333333331
397,RN,DF,1,115.0,2496.0,32.9,22.85,22.85,9.154647435897436,19.869565217391305
398,AM,MA,1,350.0,2040.0,114.0,21.25,21.25,10.416666666666666,6.071428571428571
399,GO,RO,1,150.0,560.0,24.9,21.15,21.15,37.76785714285714,14.099999999999998
400,MA,AP,1,700.0,5700.0,122.99,21.13,21.13,3.7070175438596493,3.0185714285714282
401,PB,PA,1,300.0,1056.0,67.9,20.93,20.93,19.820075757575758,6.9766666666666675
402,MS,GO,1,1600.0,9261.0,258.99,20.4,20.4,2.202785876255264,1.275
403,PI,PI,1,2238.0,8400.0,295.0,20.08,20.08,2.3904761904761904,0.8972296693476317
404,PB,RN,1,850.0,40500.0,49.9,19.32,19.32,0.47703703703703704,2.2729411764705882
405,MS,SC,1,1700.0,4500.0,174.9,18.79,18.79,4.1755555555555555,1.1052941176470588
406,PA,MG,1,700.0,4500.0,139.0,18.54,18.54,4.119999999999999,2.6485714285714286
407,RN,MG,1,250.0,2816.0,26.0,18.28,18.28,6.4914772727272725,7.312
408,PB,MA,1,300.0,1056.0,67.9,17.48,17.48,16.5530303030303,5.826666666666667
409,RN,AL,1,750.0,9912.0,94.9,15.42,15.42,1.555690072639225,2.056
